<?xml version='1.0' encoding='utf-8'?>
<odoo noupdate="1">
    <record forcecreate="True" id="generate_pos_data_daily" model="ir.cron">
        <field name="name">Generate POS Data Daily</field>
        <field name="user_id" ref="base.user_root" />
        <field name="interval_number">1</field>
        <field name="interval_type">days</field>
        <field name="numbercall">-1</field>
        <field name="doall">1</field>
        <field name="model_id" ref="model_pos_data"/>
        <field name="active">false</field>
        <field name="state">code</field>
        <field name="code">model.process_data()</field>
    </record>
</odoo>